,epoch,iters,G_L1,G_GAN,G_total,D_loss,time,random_seed
0,0,100,45.50712203979492,2.7956759929656982,48.302799224853516,0.050051212310791016,0 days 00:00:28.610860000,9678
1,0,200,24.883516311645508,2.545391082763672,27.42890739440918,0.1482027769088745,0 days 00:00:53.224501000,9678
2,0,300,41.885162353515625,2.182015895843506,44.067176818847656,0.3020593523979187,0 days 00:01:17.698177000,9678
3,0,400,33.0161247253418,2.341604471206665,35.357730865478516,0.5122661590576172,0 days 00:01:42.751520000,9678
0,1,100,31.135889053344727,3.0937423706054688,34.22962951660156,0.10934767127037048,0 days 00:02:08.686203000,9678
1,1,200,23.872323989868164,2.184096574783325,26.056421279907227,0.2556086778640747,0 days 00:02:33.605632000,9678
2,1,300,29.764184951782227,4.542268753051758,34.306453704833984,0.02726750448346138,0 days 00:02:58.171409000,9678
3,1,400,27.67136001586914,3.070711851119995,30.7420711517334,0.1794297844171524,0 days 00:03:22.780807000,9678
0,2,100,30.263629913330078,1.2651525735855103,31.52878189086914,0.27821171283721924,0 days 00:03:48.466344000,9678
1,2,200,32.923439025878906,2.2669198513031006,35.19035720825195,0.13674913346767426,0 days 00:04:13.076550000,9678
2,2,300,31.660154342651367,1.5250730514526367,33.18522644042969,0.2533867061138153,0 days 00:04:38.301412000,9678
3,2,400,26.84564208984375,3.6932268142700195,30.538867950439453,0.11096616089344025,0 days 00:05:03.015761000,9678
0,3,100,28.383710861206055,1.0784891843795776,29.462200164794922,0.3870728313922882,0 days 00:05:28.731422000,9678
1,3,200,37.82815933227539,2.492675304412842,40.32083511352539,0.4369339644908905,0 days 00:05:53.600286000,9678
2,3,300,32.47881317138672,3.1542539596557617,35.6330680847168,0.19032716751098633,0 days 00:06:18.511066000,9678
3,3,400,48.91448974609375,2.3753342628479004,51.289825439453125,0.8533903956413269,0 days 00:06:43.440737000,9678
0,4,100,38.6829833984375,3.1943814754486084,41.87736511230469,0.23802286386489868,0 days 00:07:09.237945000,9678
1,4,200,29.745588302612305,2.7941031455993652,32.53969192504883,0.33237186074256897,0 days 00:07:33.897280000,9678
2,4,300,42.229068756103516,1.8260859251022339,44.055152893066406,0.6965530514717102,0 days 00:07:59.415533000,9678
3,4,400,39.40256118774414,2.872326135635376,42.27488708496094,0.11386407911777496,0 days 00:08:24.427573000,9678
0,5,100,38.62837600708008,2.1123433113098145,40.740718841552734,0.5677962303161621,0 days 00:08:50.479959000,9678
1,5,200,27.332881927490234,3.6303117275238037,30.963193893432617,0.22295460104942322,0 days 00:09:15.527886000,9678
2,5,300,29.792919158935547,2.1615800857543945,31.954498291015625,0.11140023916959763,0 days 00:09:40.451756000,9678
3,5,400,19.963552474975586,2.890711784362793,22.854263305664062,0.3668944239616394,0 days 00:10:05.348166000,9678
0,6,100,35.41716384887695,2.113637685775757,37.530799865722656,0.17840082943439484,0 days 00:10:30.899631000,9678
1,6,200,31.27798080444336,1.5332486629486084,32.81122970581055,0.28090524673461914,0 days 00:10:55.455995000,9678
2,6,300,29.959762573242188,1.8141961097717285,31.773958206176758,0.2724636495113373,0 days 00:11:19.993640000,9678
3,6,400,34.68654251098633,1.738461971282959,36.42500305175781,0.2176181972026825,0 days 00:11:44.789678000,9678
0,7,100,30.442575454711914,3.4598307609558105,33.90240478515625,0.3564568758010864,0 days 00:12:10.097473000,9678
1,7,200,35.09541702270508,1.9822357892990112,37.07765197753906,0.7054640054702759,0 days 00:12:35.232921000,9678
2,7,300,44.80261993408203,2.1301486492156982,46.932769775390625,0.12646576762199402,0 days 00:13:01.363289000,9678
3,7,400,37.3636474609375,2.7896952629089355,40.153343200683594,0.05236954241991043,0 days 00:13:27.308161000,9678
0,8,100,25.76531219482422,3.2698092460632324,29.03512191772461,0.12792734801769257,0 days 00:13:53.009696000,9678
1,8,200,25.083696365356445,3.055778741836548,28.139474868774414,0.16630885004997253,0 days 00:14:17.611878000,9678
2,8,300,34.61852264404297,1.851505160331726,36.470027923583984,0.1679052710533142,0 days 00:14:42.295059000,9678
3,8,400,28.915456771850586,3.1534342765808105,32.06888961791992,0.3932443857192993,0 days 00:15:06.923024000,9678
0,9,100,43.811283111572266,2.0440611839294434,45.855342864990234,0.2677912712097168,0 days 00:15:32.779938000,9678
1,9,200,34.71576690673828,2.3385720252990723,37.05434036254883,0.24775388836860657,0 days 00:15:57.241966000,9678
2,9,300,33.309696197509766,1.2933003902435303,34.602996826171875,1.0454773902893066,0 days 00:16:21.635842000,9678
3,9,400,32.0999755859375,3.003326177597046,35.103302001953125,0.3190496861934662,0 days 00:16:45.965613000,9678
0,10,100,31.480915069580078,3.102262258529663,34.58317565917969,0.03805611655116081,0 days 00:17:11.261387000,9678
1,10,200,47.86521530151367,2.351080894470215,50.2162971496582,0.4213998317718506,0 days 00:17:35.705813000,9678
2,10,300,34.09249496459961,2.6686463356018066,36.76114273071289,0.6636209487915039,0 days 00:18:00.716750000,9678
3,10,400,30.61639976501465,1.7710468769073486,32.387447357177734,0.12512481212615967,0 days 00:18:26.814533000,9678
0,11,100,25.192001342773438,2.282334566116333,27.474336624145508,0.7145528793334961,0 days 00:18:52.654970000,9678
1,11,200,26.527305603027344,1.778861403465271,28.306167602539062,0.1617884784936905,0 days 00:19:17.377216000,9678
2,11,300,27.62375831604004,3.745173692703247,31.368932723999023,0.044292863458395004,0 days 00:19:42.071694000,9678
3,11,400,27.898195266723633,1.326842188835144,29.22503662109375,0.45778387784957886,0 days 00:20:07.136215000,9678
0,12,100,34.15523910522461,2.1017894744873047,36.25702667236328,0.294097363948822,0 days 00:20:32.932120000,9678
1,12,200,47.30149841308594,1.1612077951431274,48.46270751953125,0.10378462821245193,0 days 00:20:57.474060000,9678
2,12,300,17.80915069580078,2.706218719482422,20.515369415283203,0.3307895064353943,0 days 00:21:22.326429000,9678
3,12,400,38.74355697631836,1.9763914346694946,40.719947814941406,0.6339173316955566,0 days 00:21:46.844143000,9678
0,13,100,29.140960693359375,1.9704735279083252,31.111434936523438,0.79250168800354,0 days 00:22:12.453849000,9678
1,13,200,38.92986297607422,2.643808126449585,41.57366943359375,0.6198285818099976,0 days 00:22:37.196582000,9678
2,13,300,26.001205444335938,1.2088489532470703,27.210054397583008,0.4059731960296631,0 days 00:23:01.667061000,9678
3,13,400,39.36012649536133,2.2971911430358887,41.657318115234375,0.3609786927700043,0 days 00:23:26.047350000,9678
0,14,100,23.543163299560547,1.234440565109253,24.777603149414062,0.1719610095024109,0 days 00:23:51.077451000,9678
1,14,200,40.587345123291016,2.195861339569092,42.783206939697266,0.2478124350309372,0 days 00:24:16.006025000,9678
2,14,300,31.96021270751953,2.6757678985595703,34.63597869873047,0.2034045308828354,0 days 00:24:40.985501000,9678
3,14,400,37.02449417114258,2.4965600967407227,39.521053314208984,0.13462746143341064,0 days 00:25:05.359160000,9678
0,15,100,30.587568283081055,1.8844960927963257,32.47206497192383,0.1465006023645401,0 days 00:25:31.027942000,9678
1,15,200,32.8304443359375,2.1550543308258057,34.98550033569336,0.10894753783941269,0 days 00:25:55.986866000,9678
2,15,300,30.314544677734375,2.3804099559783936,32.69495391845703,0.31422796845436096,0 days 00:26:20.731189000,9678
3,15,400,24.437129974365234,2.4409217834472656,26.8780517578125,0.3156209886074066,0 days 00:26:45.881775000,9678
0,16,100,45.10302734375,1.8109315633773804,46.91395950317383,0.3378623425960541,0 days 00:27:12.037497000,9678
1,16,200,28.25155258178711,2.9358839988708496,31.187437057495117,0.051506977528333664,0 days 00:27:37.025449000,9678
2,16,300,31.354087829589844,2.105059862136841,33.45914840698242,0.09048228710889816,0 days 00:28:02.144275000,9678
3,16,400,43.75812911987305,1.6738698482513428,45.43199920654297,0.7653064727783203,0 days 00:28:27.678610000,9678
0,17,100,24.533153533935547,2.1296582221984863,26.662811279296875,0.26358306407928467,0 days 00:28:53.514087000,9678
1,17,200,31.820880889892578,1.843232274055481,33.66411209106445,0.34909364581108093,0 days 00:29:18.495192000,9678
2,17,300,32.70444107055664,1.6956242322921753,34.40006637573242,0.38132068514823914,0 days 00:29:43.181491000,9678
3,17,400,31.75730323791504,2.599182367324829,34.35648727416992,0.5884219408035278,0 days 00:30:08.099166000,9678
0,18,100,25.719715118408203,2.3408849239349365,28.06060028076172,0.09523031860589981,0 days 00:30:33.952037000,9678
1,18,200,30.339244842529297,1.4614825248718262,31.80072784423828,0.6113256216049194,0 days 00:30:58.437509000,9678
2,18,300,17.942466735839844,1.8427127599716187,19.785179138183594,0.8768420815467834,0 days 00:31:23.630822000,9678
3,18,400,26.18430519104004,2.580634593963623,28.76494026184082,0.45468753576278687,0 days 00:31:47.969286000,9678
0,19,100,32.396793365478516,1.7800815105438232,34.176876068115234,0.08242349326610565,0 days 00:32:14.020016000,9678
1,19,200,34.819087982177734,1.4138236045837402,36.23291015625,0.6168738603591919,0 days 00:32:38.817637000,9678
2,19,300,25.16905403137207,1.6555423736572266,26.824596405029297,0.21305829286575317,0 days 00:33:03.181985000,9678
3,19,400,36.082157135009766,1.7494595050811768,37.83161544799805,0.44692400097846985,0 days 00:33:28.293483000,9678
0,20,100,25.773319244384766,2.2151377201080322,27.98845672607422,0.30334216356277466,0 days 00:33:53.952588000,9678
1,20,200,22.782432556152344,2.352890968322754,25.13532257080078,0.27291643619537354,0 days 00:34:18.958699000,9678
2,20,300,21.3178768157959,2.279092788696289,23.596969604492188,0.3728775978088379,0 days 00:34:43.804645000,9678
3,20,400,32.58319854736328,2.0671982765197754,34.65039825439453,0.5669061541557312,0 days 00:35:08.704238000,9678
0,21,100,29.6572265625,2.1203689575195312,31.77759552001953,0.4984038770198822,0 days 00:35:34.588143000,9678
1,21,200,42.24314880371094,1.3808125257492065,43.62396240234375,0.8465372920036316,0 days 00:35:59.255650000,9678
2,21,300,23.855783462524414,3.3986780643463135,27.25446128845215,0.14850348234176636,0 days 00:36:23.778724000,9678
3,21,400,31.539520263671875,2.088426351547241,33.62794494628906,0.6711600422859192,0 days 00:36:48.867832000,9678
0,22,100,29.797367095947266,2.349414587020874,32.14678192138672,0.42937105894088745,0 days 00:37:14.576564000,9678
1,22,200,44.819889068603516,1.1609526872634888,45.98084259033203,0.24828726053237915,0 days 00:37:39.414365000,9678
2,22,300,25.366151809692383,1.988702416419983,27.354854583740234,0.2550307512283325,0 days 00:38:03.964077000,9678
3,22,400,22.89488983154297,1.8394255638122559,24.734315872192383,0.1488749086856842,0 days 00:38:28.487592000,9678
0,23,100,19.48345947265625,1.385864019393921,20.86932373046875,0.34520572423934937,0 days 00:38:54.455454000,9678
1,23,200,22.23204231262207,1.3222509622573853,23.554292678833008,0.2747189402580261,0 days 00:39:19.517710000,9678
2,23,300,21.41350746154785,2.22649884223938,23.64000701904297,0.5007734298706055,0 days 00:39:44.300071000,9678
3,23,400,33.187557220458984,1.0947976112365723,34.28235626220703,0.5500077605247498,0 days 00:40:09.431987000,9678
0,24,100,25.11409568786621,1.140899896621704,26.254995346069336,0.12249017506837845,0 days 00:40:35.367034000,9678
1,24,200,33.48263931274414,2.781463146209717,36.264102935791016,0.19316722452640533,0 days 00:41:00.773463000,9678
2,24,300,31.829374313354492,2.0620388984680176,33.891414642333984,0.5625081062316895,0 days 00:41:25.536535000,9678
3,24,400,32.86702346801758,1.9276165962219238,34.794639587402344,0.5060297846794128,0 days 00:41:50.499954000,9678
0,25,100,16.625633239746094,1.591093897819519,18.216726303100586,0.27747470140457153,0 days 00:42:16.217710000,9678
1,25,200,19.6158447265625,2.144883871078491,21.76072883605957,0.1645171344280243,0 days 00:42:41.341543000,9678
2,25,300,22.42673683166504,1.7321926355361938,24.1589298248291,0.3129166066646576,0 days 00:43:06.221310000,9678
3,25,400,24.552059173583984,2.292896032333374,26.844955444335938,0.3344457149505615,0 days 00:43:30.687276000,9678
0,26,100,24.739784240722656,2.1430118083953857,26.882795333862305,0.5337490439414978,0 days 00:43:56.716542000,9678
1,26,200,20.465227127075195,2.0446624755859375,22.509889602661133,0.7314722537994385,0 days 00:44:21.887863000,9678
2,26,300,29.90159034729004,2.3144829273223877,32.21607208251953,0.5689356923103333,0 days 00:44:47.075270000,9678
3,26,400,30.7526798248291,1.8874117136001587,32.64009094238281,0.29253333806991577,0 days 00:45:12.136774000,9678
0,27,100,21.079694747924805,1.2131476402282715,22.292842864990234,0.6354171633720398,0 days 00:45:37.801025000,9678
1,27,200,23.385887145996094,1.7488369941711426,25.134723663330078,0.24769119918346405,0 days 00:46:02.623172000,9678
2,27,300,15.615375518798828,1.2300140857696533,16.84539031982422,0.2744908034801483,0 days 00:46:27.169582000,9678
3,27,400,25.417402267456055,2.6003849506378174,28.01778793334961,0.6022186279296875,0 days 00:46:51.803739000,9678
0,28,100,23.597482681274414,1.6383579969406128,25.23583984375,0.8838520646095276,0 days 00:47:17.468169000,9678
1,28,200,26.200786590576172,2.1574175357818604,28.358203887939453,0.45492053031921387,0 days 00:47:42.116770000,9678
2,28,300,20.17717742919922,1.9685002565383911,22.14567756652832,0.13605128228664398,0 days 00:48:07.422368000,9678
3,28,400,21.490705490112305,2.7514686584472656,24.24217414855957,0.2749229967594147,0 days 00:48:32.111425000,9678
0,29,100,24.927078247070312,2.1434555053710938,27.070533752441406,0.22557596862316132,0 days 00:48:57.225030000,9678
1,29,200,25.660537719726562,2.2774240970611572,27.93796157836914,0.20782144367694855,0 days 00:49:22.346164000,9678
2,29,300,24.128101348876953,1.992475152015686,26.120576858520508,0.23638123273849487,0 days 00:49:46.958031000,9678
3,29,400,21.645809173583984,2.0159196853637695,23.661727905273438,0.36393487453460693,0 days 00:50:11.406931000,9678
0,30,100,23.30615997314453,0.6866205930709839,23.992780685424805,0.6195067763328552,0 days 00:50:36.590370000,9678
1,30,200,24.228275299072266,1.6575924158096313,25.885868072509766,0.19159871339797974,0 days 00:51:00.936066000,9678
2,30,300,23.787689208984375,2.3459789752960205,26.133668899536133,0.22958602011203766,0 days 00:51:25.145906000,9678
3,30,400,25.877723693847656,1.6285006999969482,27.506223678588867,0.4796804189682007,0 days 00:51:49.980110000,9678
0,31,100,23.412525177001953,1.0495179891586304,24.46204376220703,0.3228457272052765,0 days 00:52:16.275782000,9678
1,31,200,19.929058074951172,1.6845418214797974,21.61359977722168,0.4051109552383423,0 days 00:52:41.227352000,9678
2,31,300,20.34278678894043,2.6232552528381348,22.966041564941406,0.3520384430885315,0 days 00:53:06.121486000,9678
3,31,400,30.322418212890625,2.31057071685791,32.63298797607422,0.3100670278072357,0 days 00:53:31.144841000,9678
0,32,100,26.588308334350586,1.7393500804901123,28.32765769958496,0.8464286923408508,0 days 00:53:57.160577000,9678
1,32,200,16.406002044677734,2.2930853366851807,18.699087142944336,0.40117761492729187,0 days 00:54:21.695179000,9678
2,32,300,13.828116416931152,3.0666191577911377,16.89473533630371,0.34863972663879395,0 days 00:54:46.504040000,9678
3,32,400,22.671873092651367,2.39040470123291,25.062278747558594,0.8012058734893799,0 days 00:55:10.859336000,9678
0,33,100,18.490392684936523,1.5956629514694214,20.086055755615234,0.43793022632598877,0 days 00:55:36.049866000,9678
1,33,200,16.951095581054688,2.6544244289398193,19.605520248413086,0.5572067499160767,0 days 00:56:00.930873000,9678
2,33,300,22.889617919921875,1.2798452377319336,24.169464111328125,0.44533324241638184,0 days 00:56:25.284141000,9678
3,33,400,30.716720581054688,1.464245319366455,32.180965423583984,0.5197241902351379,0 days 00:56:49.760309000,9678
0,34,100,21.83670997619629,1.8704988956451416,23.70720863342285,0.5200196504592896,0 days 00:57:15.489440000,9678
1,34,200,28.054601669311523,2.3148117065429688,30.369413375854492,0.39298316836357117,0 days 00:57:39.976888000,9678
2,34,300,28.727075576782227,2.0208683013916016,30.747943878173828,0.3690865933895111,0 days 00:58:04.904726000,9678
3,34,400,23.369722366333008,1.8649393320083618,25.234661102294922,0.2954144775867462,0 days 00:58:29.957058000,9678
0,35,100,19.48066520690918,1.869132399559021,21.34979820251465,0.13807886838912964,0 days 00:58:55.719281000,9678
1,35,200,17.357770919799805,2.833590269088745,20.191360473632812,0.189327210187912,0 days 00:59:20.160822000,9678
2,35,300,25.57414436340332,2.200197696685791,27.774341583251953,0.20257046818733215,0 days 00:59:44.334768000,9678
3,35,400,28.59379005432129,1.7409133911132812,30.33470344543457,1.0434783697128296,0 days 01:00:08.730722000,9678
0,36,100,20.1665096282959,2.6293489933013916,22.79585838317871,0.3042565882205963,0 days 01:00:34.122459000,9678
1,36,200,29.556640625,2.1752142906188965,31.731855392456055,0.41839662194252014,0 days 01:00:58.367815000,9678
2,36,300,23.385807037353516,1.190611720085144,24.576417922973633,0.6172565817832947,0 days 01:01:22.706332000,9678
3,36,400,21.63542938232422,2.770094394683838,24.4055233001709,0.27901437878608704,0 days 01:01:46.972745000,9678
0,37,100,22.66240882873535,2.5203018188476562,25.182710647583008,0.30714893341064453,0 days 01:02:12.484108000,9678
1,37,200,16.908252716064453,1.0438640117645264,17.952116012573242,0.48532623052597046,0 days 01:02:36.882340000,9678
2,37,300,20.132349014282227,2.1470134258270264,22.279361724853516,0.3630547523498535,0 days 01:03:01.706772000,9678
3,37,400,23.21662712097168,0.5864380598068237,23.803064346313477,0.5091357231140137,0 days 01:03:26.635888000,9678
0,38,100,28.02680778503418,2.471757173538208,30.498565673828125,0.3022996783256531,0 days 01:03:52.655068000,9678
1,38,200,15.240462303161621,1.6055868864059448,16.84604835510254,1.0583889484405518,0 days 01:04:17.621539000,9678
2,38,300,25.447649002075195,1.254062533378601,26.701711654663086,0.19251614809036255,0 days 01:04:43.385605000,9678
3,38,400,16.12248992919922,1.8801876306533813,18.00267791748047,0.6670812368392944,0 days 01:05:10.148020000,9678
0,39,100,18.30178451538086,1.691123604774475,19.992908477783203,0.3667556643486023,0 days 01:05:38.295773000,9678
1,39,200,15.377311706542969,2.5214290618896484,17.898740768432617,0.4943174421787262,0 days 01:06:04.105133000,9678
2,39,300,23.2637882232666,0.9707512259483337,24.234539031982422,0.451250821352005,0 days 01:06:29.694169000,9678
3,39,400,25.62917137145996,2.290891170501709,27.920063018798828,0.5401855111122131,0 days 01:06:55.126356000,9678
0,40,100,17.863187789916992,2.4062862396240234,20.269474029541016,0.2646109461784363,0 days 01:07:21.829564000,9678
1,40,200,26.520153045654297,1.7465215921401978,28.266674041748047,0.40979284048080444,0 days 01:07:47.047992000,9678
2,40,300,20.767139434814453,1.0137922763824463,21.78093147277832,0.6532151699066162,0 days 01:08:13.245880000,9678
3,40,400,22.2249755859375,0.8023177981376648,23.027294158935547,0.40146294236183167,0 days 01:08:40.560064000,9678
0,41,100,20.548606872558594,1.2756518125534058,21.82425880432129,0.34530705213546753,0 days 01:09:09.151023000,9678
1,41,200,31.614852905273438,2.0296099185943604,33.64446258544922,0.30319666862487793,0 days 01:09:36.429582000,9678
2,41,300,22.16097640991211,1.4198921918869019,23.580867767333984,0.20437011122703552,0 days 01:10:04.139047000,9678
3,41,400,19.745147705078125,1.5667674541473389,21.311914443969727,0.5223913788795471,0 days 01:10:31.869487000,9678
0,42,100,21.840648651123047,3.406846761703491,25.247495651245117,2.5487401485443115,0 days 01:11:02.184221000,9678
1,42,200,15.830856323242188,2.5435688495635986,18.374425888061523,0.42447319626808167,0 days 01:11:30.534142000,9678
2,42,300,18.630931854248047,1.506873607635498,20.137805938720703,0.3112027049064636,0 days 01:11:59.020180000,9678
3,42,400,20.721765518188477,1.2798625230789185,22.001628875732422,0.7342571020126343,0 days 01:12:27.033312000,9678
0,43,100,22.943635940551758,0.9864439964294434,23.93008041381836,0.332570880651474,0 days 01:12:56.118733000,9678
1,43,200,16.965784072875977,1.9513782262802124,18.91716194152832,0.44744497537612915,0 days 01:13:23.592425000,9678
2,43,300,29.432085037231445,1.7396591901779175,31.171743392944336,0.3363346457481384,0 days 01:13:51.796073000,9678
3,43,400,24.18638038635254,1.2841507196426392,25.470531463623047,0.5994174480438232,0 days 01:14:19.217378000,9678
0,44,100,18.834096908569336,1.5363372564315796,20.370433807373047,0.6020295023918152,0 days 01:14:47.327447000,9678
1,44,200,20.669872283935547,1.438644289970398,22.108516693115234,0.3239556849002838,0 days 01:15:14.292440000,9678
2,44,300,21.31879997253418,1.3137681484222412,22.632568359375,0.2459687888622284,0 days 01:15:41.595369000,9678
3,44,400,26.68902587890625,1.2711673974990845,27.960193634033203,0.5725233554840088,0 days 01:16:08.711468000,9678
0,45,100,18.684871673583984,2.241934061050415,20.92680549621582,0.3441651463508606,0 days 01:16:36.825970000,9678
1,45,200,19.83418846130371,1.6068432331085205,21.44103240966797,0.699923574924469,0 days 01:17:04.158388000,9678
2,45,300,16.117511749267578,1.1395983695983887,17.257110595703125,0.5085130333900452,0 days 01:17:31.317396000,9678
3,45,400,20.02012062072754,0.93087238073349,20.950992584228516,0.24484103918075562,0 days 01:17:58.597539000,9678
0,46,100,15.042695045471191,2.1080269813537598,17.15072250366211,0.29156383872032166,0 days 01:18:26.860896000,9678
1,46,200,21.25564193725586,1.0860413312911987,22.34168243408203,0.31654655933380127,0 days 01:18:53.686022000,9678
2,46,300,22.30325698852539,2.018613338470459,24.321870803833008,0.38954412937164307,0 days 01:19:20.485195000,9678
3,46,400,19.29132843017578,2.031639814376831,21.322967529296875,0.559701681137085,0 days 01:19:47.551604000,9678
0,47,100,16.993717193603516,1.9945361614227295,18.988252639770508,0.6490312218666077,0 days 01:20:16.437561000,9678
1,47,200,20.014936447143555,1.3383970260620117,21.35333251953125,0.4996297061443329,0 days 01:20:44.594595000,9678
2,47,300,19.779254913330078,1.6629480123519897,21.442203521728516,0.48923423886299133,0 days 01:21:11.170744000,9678
3,47,400,22.737260818481445,1.4870624542236328,24.224323272705078,0.2611439824104309,0 days 01:21:38.106552000,9678
0,48,100,25.022336959838867,2.165123462677002,27.18745994567871,0.18436503410339355,0 days 01:22:06.593890000,9678
1,48,200,15.933579444885254,1.8065123558044434,17.74009132385254,0.410988450050354,0 days 01:22:33.603591000,9678
2,48,300,19.408945083618164,1.5479880571365356,20.956933975219727,0.30427971482276917,0 days 01:23:00.566365000,9678
3,48,400,17.67947769165039,1.7347314357757568,19.414209365844727,0.25472360849380493,0 days 01:23:27.962769000,9678
0,49,100,19.97399139404297,2.030858278274536,22.004850387573242,0.4664849042892456,0 days 01:23:56.141495000,9678
1,49,200,19.252138137817383,1.9505451917648315,21.202682495117188,0.22754809260368347,0 days 01:24:23.114105000,9678
2,49,300,22.593467712402344,1.2134981155395508,23.806964874267578,0.4506736099720001,0 days 01:24:49.994855000,9678
3,49,400,13.023890495300293,1.6555964946746826,14.679487228393555,0.4150254726409912,0 days 01:25:17.894864000,9678
0,50,100,21.864641189575195,1.5407471656799316,23.40538787841797,0.32388925552368164,0 days 01:25:46.119839000,9678
1,50,200,23.03531265258789,1.4916176795959473,24.52692985534668,0.5457210540771484,0 days 01:26:12.943544000,9678
2,50,300,18.702911376953125,1.4660677909851074,20.16897964477539,0.24762767553329468,0 days 01:26:40.009103000,9678
3,50,400,22.869176864624023,1.7887850999832153,24.657962799072266,0.43867266178131104,0 days 01:27:07.166515000,9678
0,51,100,17.02985191345215,1.3577834367752075,18.387636184692383,0.4404343366622925,0 days 01:27:35.392322000,9678
1,51,200,10.961941719055176,0.9461624622344971,11.908103942871094,0.3178408741950989,0 days 01:28:02.392502000,9678
2,51,300,14.898996353149414,1.9641294479370117,16.86312484741211,0.837243378162384,0 days 01:28:30.408590000,9678
3,51,400,12.48892593383789,1.9715576171875,14.46048355102539,0.5857594013214111,0 days 01:28:58.594730000,9678
0,52,100,20.379409790039062,1.1104050874710083,21.48981475830078,0.37872248888015747,0 days 01:29:28.585120000,9678
1,52,200,17.63237190246582,1.5217336416244507,19.15410614013672,0.42058905959129333,0 days 01:29:57.314127000,9678
2,52,300,25.33036231994629,1.2306314706802368,26.560993194580078,0.4676815867424011,0 days 01:30:25.442614000,9678
3,52,400,18.07611083984375,0.7299864292144775,18.80609703063965,0.6327286958694458,0 days 01:30:53.402462000,9678
0,53,100,16.93338966369629,1.5801048278808594,18.51349449157715,0.24203479290008545,0 days 01:31:22.839340000,9678
1,53,200,13.076363563537598,1.4604090452194214,14.536772727966309,0.30440080165863037,0 days 01:31:49.518846000,9678
2,53,300,19.11563491821289,1.7163490056991577,20.83198356628418,0.4516211450099945,0 days 01:32:16.723511000,9678
3,53,400,14.597628593444824,2.3888471126556396,16.986474990844727,0.435171514749527,0 days 01:32:44.137026000,9678
0,54,100,15.89790153503418,1.8241724967956543,17.722074508666992,0.27855271100997925,0 days 01:33:13.555180000,9678
1,54,200,13.175945281982422,2.1225087642669678,15.298454284667969,0.2588382959365845,0 days 01:33:40.648012000,9678
2,54,300,16.019298553466797,0.8433200120925903,16.862619400024414,0.47722411155700684,0 days 01:34:07.872389000,9678
3,54,400,12.910537719726562,1.5612657070159912,14.471803665161133,0.49378108978271484,0 days 01:34:34.859797000,9678
0,55,100,25.560352325439453,1.7618589401245117,27.32221221923828,0.6293619275093079,0 days 01:35:03.749307000,9678
1,55,200,12.733231544494629,1.4396835565567017,14.1729154586792,0.7916967868804932,0 days 01:35:30.755605000,9678
2,55,300,16.682008743286133,2.3533170223236084,19.03532600402832,0.22165650129318237,0 days 01:35:57.815938000,9678
3,55,400,16.219146728515625,1.3813624382019043,17.600509643554688,0.42415663599967957,0 days 01:36:24.378161000,9678
0,56,100,14.193641662597656,1.064660906791687,15.258302688598633,0.2077956199645996,0 days 01:36:52.982029000,9678
1,56,200,20.333391189575195,2.012075185775757,22.34546661376953,0.5357862114906311,0 days 01:37:20.173797000,9678
2,56,300,14.100724220275879,1.6298894882202148,15.730613708496094,0.4064541459083557,0 days 01:37:46.935193000,9678
3,56,400,18.609027862548828,1.699040412902832,20.308067321777344,0.40288668870925903,0 days 01:38:13.669487000,9678
0,57,100,16.43613624572754,1.6111845970153809,18.047321319580078,0.2259480357170105,0 days 01:38:41.994013000,9678
1,57,200,19.956327438354492,1.7212389707565308,21.677566528320312,0.4196067452430725,0 days 01:39:09.304137000,9678
2,57,300,13.52546501159668,2.4254753589630127,15.950940132141113,0.29273417592048645,0 days 01:39:36.564806000,9678
3,57,400,17.50078582763672,1.5534307956695557,19.054216384887695,0.33673959970474243,0 days 01:40:03.417802000,9678
0,58,100,16.434778213500977,1.1122697591781616,17.547048568725586,0.48883917927742004,0 days 01:40:31.994003000,9678
1,58,200,13.069412231445312,2.5363502502441406,15.605762481689453,0.2729676365852356,0 days 01:40:58.925302000,9678
2,58,300,17.5731258392334,1.9017186164855957,19.474843978881836,0.4346458315849304,0 days 01:41:27.348128000,9678
3,58,400,20.225234985351562,1.9913816452026367,22.216617584228516,0.4759427309036255,0 days 01:41:54.695614000,9678
0,59,100,19.808761596679688,1.0637816190719604,20.872543334960938,0.3308153748512268,0 days 01:42:23.559494000,9678
1,59,200,16.57610321044922,2.138746500015259,18.7148494720459,0.45864754915237427,0 days 01:42:50.675552000,9678
2,59,300,16.305513381958008,1.49772310256958,17.80323600769043,0.7317540049552917,0 days 01:43:17.581470000,9678
3,59,400,17.699928283691406,1.4619019031524658,19.16183090209961,0.35722869634628296,0 days 01:43:44.791164000,9678
0,60,100,23.865259170532227,0.9936162829399109,24.858875274658203,0.2650541663169861,0 days 01:44:12.618597000,9678
1,60,200,24.44117546081543,2.0133566856384277,26.454532623291016,0.464873731136322,0 days 01:44:39.387802000,9678
2,60,300,15.427042961120605,1.2304786443710327,16.657522201538086,0.6946211457252502,0 days 01:45:06.751564000,9678
3,60,400,20.326059341430664,0.9127146005630493,21.238773345947266,0.5725686550140381,0 days 01:45:34.067964000,9678
0,61,100,13.153608322143555,2.0522470474243164,15.205855369567871,0.4637430012226105,0 days 01:46:03.522172000,9678
1,61,200,14.229045867919922,1.9881868362426758,16.21723175048828,0.8181074261665344,0 days 01:46:31.679243000,9678
2,61,300,18.175249099731445,2.355670690536499,20.530920028686523,0.4104583263397217,0 days 01:46:58.979960000,9678
3,61,400,19.07829475402832,2.349987030029297,21.428281784057617,0.4480103850364685,0 days 01:47:26.462308000,9678
0,62,100,20.093257904052734,1.7737172842025757,21.866975784301758,0.42433759570121765,0 days 01:47:55.494454000,9678
1,62,200,16.487445831298828,2.2009973526000977,18.68844223022461,0.40669530630111694,0 days 01:48:23.571291000,9678
2,62,300,14.484151840209961,1.7787481546401978,16.26289939880371,0.29818159341812134,0 days 01:48:51.366210000,9678
3,62,400,16.97013282775879,2.1855521202087402,19.155685424804688,0.2952439486980438,0 days 01:49:19.103298000,9678
0,63,100,19.349857330322266,2.6197619438171387,21.969619750976562,0.10166168957948685,0 days 01:49:48.434140000,9678
1,63,200,12.289249420166016,2.135118007659912,14.424367904663086,0.30203181505203247,0 days 01:50:15.627891000,9678
2,63,300,18.96469497680664,2.037086009979248,21.001781463623047,0.33431491255760193,0 days 01:50:43.074571000,9678
3,63,400,12.805877685546875,1.1098920106887817,13.915769577026367,0.324109822511673,0 days 01:51:09.992784000,9678
0,64,100,18.658212661743164,0.8886520266532898,19.546865463256836,0.3057664632797241,0 days 01:51:38.358091000,9678
1,64,200,15.39278793334961,1.8488810062408447,17.241668701171875,0.2382371574640274,0 days 01:52:05.611755000,9678
2,64,300,17.18316078186035,1.49579656124115,18.678956985473633,0.5454602837562561,0 days 01:52:32.999366000,9678
3,64,400,20.919822692871094,1.2327356338500977,22.152557373046875,0.24672921001911163,0 days 01:52:59.907187000,9678
0,65,100,23.387544631958008,2.2715060710906982,25.65904998779297,0.4840015769004822,0 days 01:53:28.278710000,9678
1,65,200,20.838964462280273,1.552757740020752,22.391721725463867,0.4796143174171448,0 days 01:53:55.473234000,9678
2,65,300,20.02057647705078,1.7401220798492432,21.760698318481445,0.3538254499435425,0 days 01:54:22.922186000,9678
3,65,400,23.701679229736328,0.8513208627700806,24.55299949645996,0.3824046552181244,0 days 01:54:50.376710000,9678
0,66,100,16.962528228759766,0.9348477721214294,17.897375106811523,0.47394412755966187,0 days 01:55:19.747677000,9678
1,66,200,15.368871688842773,1.3754749298095703,16.744346618652344,0.5580690503120422,0 days 01:55:47.229277000,9678
2,66,300,16.959152221679688,1.5097742080688477,18.46892547607422,0.2918957471847534,0 days 01:56:15.254610000,9678
3,66,400,12.731663703918457,1.1812121868133545,13.91287612915039,0.4911080002784729,0 days 01:56:43.495070000,9678
0,67,100,11.845528602600098,1.8754833936691284,13.721012115478516,0.5514670014381409,0 days 01:57:13.047134000,9678
1,67,200,30.184354782104492,3.707475423812866,33.89183044433594,0.44910621643066406,0 days 01:57:42.377831000,9678
2,67,300,15.749907493591309,2.2623584270477295,18.012266159057617,0.3235754370689392,0 days 01:58:11.138688000,9678
3,67,400,21.070472717285156,2.044365644454956,23.114837646484375,0.6260928511619568,0 days 01:58:38.708484000,9678
0,68,100,21.424072265625,2.2249250411987305,23.648998260498047,0.450215220451355,0 days 01:59:07.277327000,9678
1,68,200,14.442512512207031,1.8343522548675537,16.276865005493164,0.40524911880493164,0 days 01:59:34.194397000,9678
2,68,300,18.029821395874023,1.7315510511398315,19.761371612548828,0.24738451838493347,0 days 02:00:01.070479000,9678
3,68,400,16.178550720214844,2.976743698120117,19.15529441833496,0.24026374518871307,0 days 02:00:27.844715000,9678
0,69,100,10.713096618652344,1.8707510232925415,12.583847999572754,0.23603257536888123,0 days 02:00:56.712268000,9678
1,69,200,22.615890502929688,1.2773205041885376,23.893211364746094,0.36463743448257446,0 days 02:01:24.258896000,9678
2,69,300,12.815003395080566,1.6554735898971558,14.470477104187012,0.32688549160957336,0 days 02:01:50.965798000,9678
3,69,400,16.538694381713867,3.598381519317627,20.137075424194336,0.3555070459842682,0 days 02:02:18.095147000,9678
0,70,100,14.214081764221191,1.5481783151626587,15.762260437011719,0.48082518577575684,0 days 02:02:46.428128000,9678
1,70,200,22.430885314941406,1.3955937623977661,23.826478958129883,0.47702860832214355,0 days 02:03:13.755927000,9678
2,70,300,14.52775764465332,2.079932689666748,16.607690811157227,0.3550254702568054,0 days 02:03:41.000460000,9678
3,70,400,14.013404846191406,2.6719915866851807,16.685396194458008,0.2803904414176941,0 days 02:04:08.559749000,9678
0,71,100,13.1195650100708,2.335123062133789,15.45468807220459,0.4480460286140442,0 days 02:04:37.912809000,9678
1,71,200,14.9572114944458,1.878730058670044,16.835941314697266,0.3495776951313019,0 days 02:05:05.285197000,9678
2,71,300,17.448698043823242,1.8673080205917358,19.31600570678711,0.16373443603515625,0 days 02:05:32.389838000,9678
3,71,400,14.963741302490234,2.8733348846435547,17.83707618713379,0.28760620951652527,0 days 02:05:59.629871000,9678
0,72,100,20.809005737304688,2.943143129348755,23.75214958190918,0.1246088296175003,0 days 02:06:28.133701000,9678
1,72,200,13.657207489013672,1.5541552305221558,15.211362838745117,0.38092583417892456,0 days 02:06:55.352726000,9678
2,72,300,17.19151496887207,1.777880072593689,18.96939468383789,0.4933173656463623,0 days 02:07:20.878561000,9678
3,72,400,27.667713165283203,0.8097156882286072,28.477428436279297,0.30307674407958984,0 days 02:07:46.267530000,9678
0,73,100,16.167125701904297,1.8293116092681885,17.996437072753906,0.3816515803337097,0 days 02:08:13.090469000,9678
1,73,200,19.143159866333008,2.1062347888946533,21.2493953704834,0.4889674782752991,0 days 02:08:38.455006000,9678
2,73,300,15.993474006652832,1.0451183319091797,17.038593292236328,0.3473162353038788,0 days 02:09:04.079475000,9678
3,73,400,23.863630294799805,0.9125238060951233,24.776153564453125,0.3548697233200073,0 days 02:09:29.857106000,9678
0,74,100,12.315652847290039,1.29181706905365,13.60746955871582,0.400878369808197,0 days 02:09:57.109895000,9678
1,74,200,15.518559455871582,1.6607332229614258,17.179292678833008,0.34038588404655457,0 days 02:10:22.156573000,9678
2,74,300,16.981721878051758,1.7388395071029663,18.720561981201172,0.3330068290233612,0 days 02:10:47.075137000,9678
3,74,400,10.93798542022705,2.0048556327819824,12.942840576171875,0.46991536021232605,0 days 02:11:12.153587000,9678
0,75,100,17.077905654907227,1.0393136739730835,18.117219924926758,0.5344206690788269,0 days 02:11:38.489030000,9678
1,75,200,13.892184257507324,2.4160144329071045,16.308198928833008,0.18902641534805298,0 days 02:12:03.160152000,9678
2,75,300,16.84929656982422,2.5748767852783203,19.42417335510254,0.4317842125892639,0 days 02:12:27.934232000,9678
3,75,400,12.509401321411133,1.3148541450500488,13.824254989624023,0.4748278260231018,0 days 02:12:52.895074000,9678
0,76,100,16.324554443359375,1.72466242313385,18.049217224121094,0.3814317584037781,0 days 02:13:18.568230000,9678
1,76,200,12.561919212341309,2.4218244552612305,14.983743667602539,0.22733421623706818,0 days 02:13:43.413596000,9678
2,76,300,11.805953979492188,0.9602645635604858,12.766218185424805,0.2994058132171631,0 days 02:14:07.859662000,9678
3,76,400,16.709911346435547,1.7685987949371338,18.4785099029541,0.4515557885169983,0 days 02:14:32.962609000,9678
0,77,100,14.84937858581543,2.092381477355957,16.941761016845703,0.29950404167175293,0 days 02:14:58.761076000,9678
1,77,200,20.343502044677734,1.9473109245300293,22.290813446044922,0.3102598488330841,0 days 02:15:23.107205000,9678
2,77,300,29.148860931396484,3.00856876373291,32.15742874145508,0.297163188457489,0 days 02:15:48.145350000,9678
3,77,400,13.479881286621094,1.352975845336914,14.832857131958008,0.2781095504760742,0 days 02:16:12.711834000,9678
0,78,100,16.783296585083008,0.9063106179237366,17.689607620239258,0.29135072231292725,0 days 02:16:38.842448000,9678
1,78,200,20.094890594482422,2.4629931449890137,22.557884216308594,0.6031081080436707,0 days 02:17:03.781315000,9678
2,78,300,15.567106246948242,1.2905420064926147,16.857648849487305,0.45567771792411804,0 days 02:17:28.567285000,9678
3,78,400,20.569713592529297,2.012605905532837,22.582319259643555,0.5087506175041199,0 days 02:17:53.095754000,9678
0,79,100,12.175013542175293,1.7393683195114136,13.914381980895996,0.53267902135849,0 days 02:18:20.067016000,9678
1,79,200,17.883682250976562,1.3095022439956665,19.19318389892578,0.23397254943847656,0 days 02:18:45.766874000,9678
2,79,300,14.53686237335205,2.2424702644348145,16.779333114624023,0.5443699359893799,0 days 02:19:11.583045000,9678
3,79,400,13.982154846191406,1.4101269245147705,15.392281532287598,0.2628670036792755,0 days 02:19:37.307593000,9678
0,80,100,14.305706024169922,1.5834181308746338,15.889123916625977,0.2124522179365158,0 days 02:20:03.251391000,9678
1,80,200,19.905427932739258,1.9270375967025757,21.83246612548828,0.6051555275917053,0 days 02:20:27.336220000,9678
2,80,300,14.063618659973145,1.7525877952575684,15.816205978393555,0.6991938352584839,0 days 02:20:51.627867000,9678
3,80,400,15.378026962280273,2.168508529663086,17.54653549194336,0.40511950850486755,0 days 02:21:15.920105000,9678
0,81,100,16.1479434967041,1.4371665716171265,17.58510971069336,0.35056397318840027,0 days 02:21:41.462807000,9678
1,81,200,12.009020805358887,2.198969602584839,14.207990646362305,0.4863777160644531,0 days 02:22:05.130551000,9678
2,81,300,17.97914695739746,2.133686065673828,20.11283302307129,0.30007514357566833,0 days 02:22:29.008686000,9678
3,81,400,16.751155853271484,1.4033068418502808,18.154462814331055,0.47826725244522095,0 days 02:22:52.662775000,9678
0,82,100,16.718629837036133,1.791886568069458,18.510517120361328,0.38889989256858826,0 days 02:23:17.951289000,9678
1,82,200,15.872520446777344,2.0672128200531006,17.939733505249023,0.45671939849853516,0 days 02:23:41.604887000,9678
2,82,300,18.94570541381836,1.76569402217865,20.71139907836914,0.36692264676094055,0 days 02:24:04.425330000,9678
3,82,400,14.43581771850586,1.4993400573730469,15.935157775878906,0.4031867980957031,0 days 02:24:27.296621000,9678
0,83,100,13.45019817352295,2.1471989154815674,15.597396850585938,0.44824153184890747,0 days 02:24:51.072261000,9678
1,83,200,15.725010871887207,1.8983023166656494,17.623313903808594,0.3735543489456177,0 days 02:25:13.736800000,9678
2,83,300,11.626228332519531,1.864120602607727,13.490348815917969,0.33523663878440857,0 days 02:25:36.537520000,9678
3,83,400,15.626203536987305,2.1118626594543457,17.738065719604492,0.27971386909484863,0 days 02:25:59.240537000,9678
0,84,100,13.683085441589355,1.3424075841903687,15.025492668151855,0.39536604285240173,0 days 02:26:22.880277000,9678
1,84,200,22.6639347076416,0.8268937468528748,23.490827560424805,0.6901330351829529,0 days 02:26:45.680645000,9678
2,84,300,16.82479476928711,1.8204323053359985,18.645227432250977,0.3270125389099121,0 days 02:27:08.269943000,9678
3,84,400,17.710697174072266,1.3962692022323608,19.106966018676758,0.45877981185913086,0 days 02:27:30.961428000,9678
0,85,100,14.933454513549805,0.9466241002082825,15.880078315734863,0.8888279795646667,0 days 02:27:54.756950000,9678
1,85,200,13.65662956237793,1.543830156326294,15.200459480285645,0.29313260316848755,0 days 02:28:18.173425000,9678
2,85,300,15.172417640686035,2.006145477294922,17.17856216430664,0.20948636531829834,0 days 02:28:42.081840000,9678
3,85,400,17.348615646362305,1.6771929264068604,19.025808334350586,0.277662068605423,0 days 02:29:04.713340000,9678
0,86,100,10.91358470916748,2.193511724472046,13.107096672058105,0.2654956579208374,0 days 02:29:27.920687000,9678
1,86,200,13.295032501220703,1.973804235458374,15.268836975097656,0.43483734130859375,0 days 02:29:49.983506000,9678
2,86,300,22.014575958251953,1.7281383275985718,23.742713928222656,0.22710993885993958,0 days 02:30:12.380822000,9678
3,86,400,12.806097984313965,1.8044039011001587,14.610502243041992,0.2510724365711212,0 days 02:30:34.644471000,9678
0,87,100,22.210405349731445,2.269575834274292,24.47998046875,0.2784852087497711,0 days 02:30:58.519196000,9678
1,87,200,19.061328887939453,2.0196707248687744,21.08099937438965,0.39789336919784546,0 days 02:31:21.445952000,9678
2,87,300,12.628406524658203,0.9113445281982422,13.539751052856445,0.18446221947669983,0 days 02:31:43.863464000,9678
3,87,400,16.016611099243164,1.837548851966858,17.85416030883789,0.5726543068885803,0 days 02:32:06.524736000,9678
0,88,100,14.17103385925293,1.2981065511703491,15.46914005279541,0.2224099189043045,0 days 02:32:31.077091000,9678
1,88,200,13.763875007629395,1.4756635427474976,15.239538192749023,0.2668566107749939,0 days 02:32:53.526503000,9678
2,88,300,17.45919418334961,2.097304582595825,19.556499481201172,0.5439187288284302,0 days 02:33:16.048914000,9678
3,88,400,9.403907775878906,2.405830144882202,11.809738159179688,0.2559531629085541,0 days 02:33:39.191173000,9678
0,89,100,14.992303848266602,1.5388009548187256,16.531105041503906,0.43230944871902466,0 days 02:34:03.408093000,9678
1,89,200,13.462225914001465,1.6540995836257935,15.116325378417969,0.3052137792110443,0 days 02:34:26.149733000,9678
2,89,300,14.974689483642578,1.7605531215667725,16.73524284362793,0.3888785243034363,0 days 02:34:48.254864000,9678
3,89,400,15.574042320251465,1.8289597034454346,17.40300178527832,0.3787080645561218,0 days 02:35:10.431875000,9678
0,90,100,11.75940990447998,1.593963623046875,13.353373527526855,0.36052966117858887,0 days 02:35:34.158955000,9678
1,90,200,15.441184043884277,1.5600358247756958,17.001220703125,0.3817797303199768,0 days 02:35:56.770921000,9678
2,90,300,15.581022262573242,0.9712995290756226,16.552322387695312,0.9137923717498779,0 days 02:36:19.287213000,9678
3,90,400,22.810644149780273,0.41268545389175415,23.223329544067383,0.4462881088256836,0 days 02:36:41.854857000,9678
0,91,100,18.681795120239258,1.1697120666503906,19.85150718688965,0.5818173289299011,0 days 02:37:06.016498000,9678
1,91,200,12.125382423400879,2.236604928970337,14.361987113952637,0.3396797180175781,0 days 02:37:28.827689000,9678
2,91,300,15.970112800598145,2.552030086517334,18.52214241027832,0.22599098086357117,0 days 02:37:51.011945000,9678
3,91,400,13.699041366577148,2.353520154953003,16.052560806274414,0.36287644505500793,0 days 02:38:13.629593000,9678
0,92,100,14.395624160766602,1.7550814151763916,16.150705337524414,0.33028703927993774,0 days 02:38:37.342006000,9678
1,92,200,11.811800003051758,2.8245532512664795,14.636353492736816,0.3064056932926178,0 days 02:38:59.892609000,9678
2,92,300,18.4326171875,1.8471065759658813,20.27972412109375,0.6429519653320312,0 days 02:39:22.656312000,9678
3,92,400,10.033071517944336,1.6349397897720337,11.668011665344238,0.3273661136627197,0 days 02:39:45.234309000,9678
0,93,100,21.80068588256836,2.6459858417510986,24.446672439575195,0.2155570238828659,0 days 02:40:08.974588000,9678
1,93,200,15.188606262207031,1.629534363746643,16.818140029907227,0.23257605731487274,0 days 02:40:31.569212000,9678
2,93,300,13.578243255615234,1.8074047565460205,15.385647773742676,0.30331212282180786,0 days 02:40:54.053537000,9678
3,93,400,18.670515060424805,2.6493024826049805,21.31981658935547,0.3546532392501831,0 days 02:41:16.612536000,9678
0,94,100,14.903825759887695,1.5081357955932617,16.41196060180664,0.43188509345054626,0 days 02:41:40.008188000,9678
1,94,200,15.900053024291992,2.4293620586395264,18.32941436767578,0.8944289684295654,0 days 02:42:02.538749000,9678
2,94,300,15.857841491699219,1.4184319972991943,17.276273727416992,0.4582405984401703,0 days 02:42:25.132507000,9678
3,94,400,15.262718200683594,1.3471609354019165,16.609878540039062,0.536417543888092,0 days 02:42:47.776051000,9678
0,95,100,23.02092933654785,1.0545320510864258,24.075462341308594,0.4497774541378021,0 days 02:43:11.693900000,9678
1,95,200,26.387001037597656,1.2907103300094604,27.677711486816406,0.2724297344684601,0 days 02:43:33.946462000,9678
2,95,300,16.74455451965332,2.6576664447784424,19.4022216796875,0.22605976462364197,0 days 02:43:56.539953000,9678
3,95,400,15.079891204833984,1.7445460557937622,16.824438095092773,0.5372275710105896,0 days 02:44:18.962862000,9678
0,96,100,17.452199935913086,1.5847545862197876,19.036954879760742,0.40594103932380676,0 days 02:44:42.702432000,9678
1,96,200,11.42654800415039,1.1900750398635864,12.616622924804688,0.2674524486064911,0 days 02:45:05.255003000,9678
2,96,300,13.184974670410156,2.6296961307525635,15.81467056274414,0.3956536650657654,0 days 02:45:27.908796000,9678
3,96,400,13.822163581848145,2.5455546379089355,16.367717742919922,0.38784104585647583,0 days 02:45:50.546091000,9678
0,97,100,13.963665008544922,1.5039188861846924,15.467583656311035,0.3456386923789978,0 days 02:46:14.018616000,9678
1,97,200,15.098722457885742,3.045118808746338,18.143840789794922,0.4829750657081604,0 days 02:46:36.034443000,9678
2,97,300,14.69446849822998,2.049139976501465,16.743608474731445,0.24409551918506622,0 days 02:46:58.247958000,9678
3,97,400,16.884552001953125,0.8708781003952026,17.755430221557617,0.3924669623374939,0 days 02:47:20.840663000,9678
0,98,100,15.417261123657227,2.1708412170410156,17.588102340698242,0.5947109460830688,0 days 02:47:44.719175000,9678
1,98,200,8.584388732910156,2.28488826751709,10.869277000427246,0.5074287056922913,0 days 02:48:07.245371000,9678
2,98,300,14.752668380737305,1.346213459968567,16.0988826751709,0.3353692591190338,0 days 02:48:30.069649000,9678
3,98,400,21.67911720275879,1.2903896570205688,22.969507217407227,0.8402104377746582,0 days 02:48:52.781306000,9678
0,99,100,11.588362693786621,1.7229957580566406,13.311358451843262,0.3046073317527771,0 days 02:49:16.824066000,9678
1,99,200,12.104544639587402,1.4490569829940796,13.553601264953613,0.19401463866233826,0 days 02:49:39.684148000,9678
2,99,300,16.70565414428711,1.6814664602279663,18.387121200561523,0.39790356159210205,0 days 02:50:02.507755000,9678
3,99,400,11.7256441116333,1.3815964460372925,13.107240676879883,0.4019952714443207,0 days 02:50:25.514819000,9678
0,100,100,10.415467262268066,1.8380883932113647,12.253555297851562,0.3062790036201477,0 days 02:50:49.279060000,9678
1,100,200,15.299908638000488,2.6218361854553223,17.92174530029297,0.5338541269302368,0 days 02:51:12.458941000,9678
2,100,300,17.577232360839844,1.5204946994781494,19.097726821899414,0.5314613580703735,0 days 02:51:36.535913000,9678
3,100,400,17.52236557006836,3.654608726501465,21.17697525024414,0.4258643388748169,0 days 02:52:01.039239000,9678
0,101,100,17.806636810302734,2.197533130645752,20.004169464111328,0.5566219091415405,0 days 02:52:25.035675000,9678
1,101,200,12.452563285827637,3.3357126712799072,15.788275718688965,0.3643525242805481,0 days 02:52:48.042459000,9678
2,101,300,19.818227767944336,2.2679765224456787,22.086204528808594,0.3299846053123474,0 days 02:53:10.872482000,9678
3,101,400,25.94681739807129,1.904698371887207,27.851516723632812,0.5740537047386169,0 days 02:53:33.526488000,9678
0,102,100,12.485418319702148,1.9289716482162476,14.414389610290527,0.3670027256011963,0 days 02:53:57.073127000,9678
1,102,200,14.1084623336792,1.805294156074524,15.913756370544434,0.22710591554641724,0 days 02:54:19.582941000,9678
2,102,300,10.227799415588379,0.8552063703536987,11.083005905151367,0.495877206325531,0 days 02:54:42.207767000,9678
3,102,400,15.189332962036133,1.3666486740112305,16.555980682373047,0.4888518154621124,0 days 02:55:04.980768000,9678
0,103,100,15.859026908874512,1.6364635229110718,17.49549102783203,0.3549463152885437,0 days 02:55:28.158932000,9678
1,103,200,16.447917938232422,1.4544811248779297,17.90239906311035,0.2402440458536148,0 days 02:55:50.821184000,9678
2,103,300,15.698287963867188,2.0645861625671387,17.762874603271484,0.3422587513923645,0 days 02:56:13.771838000,9678
3,103,400,14.881155014038086,0.879630446434021,15.760785102844238,0.5260128974914551,0 days 02:56:37.221830000,9678
0,104,100,12.893925666809082,1.9244571924209595,14.81838321685791,0.39408302307128906,0 days 02:57:01.142025000,9678
1,104,200,20.184673309326172,0.929376482963562,21.114049911499023,0.23814710974693298,0 days 02:57:23.616495000,9678
2,104,300,10.451972961425781,2.227139711380005,12.679112434387207,0.2804524302482605,0 days 02:57:46.238856000,9678
3,104,400,10.617755889892578,2.4204907417297363,13.038246154785156,0.26722192764282227,0 days 02:58:09.145873000,9678
0,105,100,12.280332565307617,3.320920705795288,15.601253509521484,0.13342732191085815,0 days 02:58:32.399873000,9678
1,105,200,8.181565284729004,2.051689624786377,10.233255386352539,0.4385949671268463,0 days 02:58:55.243226000,9678
2,105,300,14.095406532287598,2.107246160507202,16.202651977539062,0.30584219098091125,0 days 02:59:18.038589000,9678
3,105,400,15.241938591003418,1.7879090309143066,17.029848098754883,0.5170571804046631,0 days 02:59:40.744927000,9678
0,106,100,15.97436809539795,3.570028781890869,19.544397354125977,0.5001464486122131,0 days 03:00:04.898328000,9678
1,106,200,13.204245567321777,1.9674429893493652,15.171688079833984,0.3624350428581238,0 days 03:00:27.810121000,9678
2,106,300,10.00317668914795,2.2197341918945312,12.22291088104248,0.3943697214126587,0 days 03:00:50.625129000,9678
3,106,400,17.015914916992188,2.308461904525757,19.324377059936523,0.4135528802871704,0 days 03:01:13.561822000,9678
0,107,100,13.176125526428223,1.434985637664795,14.61111068725586,0.3233533501625061,0 days 03:01:37.377700000,9678
1,107,200,15.708349227905273,1.6800596714019775,17.388408660888672,0.4175492227077484,0 days 03:01:59.981547000,9678
2,107,300,13.757400512695312,2.376030206680298,16.13343048095703,0.6627282500267029,0 days 03:02:22.581193000,9678
3,107,400,13.820404052734375,2.020444869995117,15.840848922729492,0.6305986046791077,0 days 03:02:45.091026000,9678
0,108,100,17.962186813354492,1.4959251880645752,19.458112716674805,0.2810336947441101,0 days 03:03:08.136430000,9678
1,108,200,11.115121841430664,2.1076014041900635,13.222723007202148,0.5091390609741211,0 days 03:03:30.436426000,9678
2,108,300,13.082795143127441,0.8209216594696045,13.903717041015625,0.3333904445171356,0 days 03:03:53.184664000,9678
3,108,400,16.105064392089844,2.754620313644409,18.859683990478516,0.3048779368400574,0 days 03:04:15.834064000,9678
0,109,100,13.986565589904785,2.1232283115386963,16.10979461669922,0.39278870820999146,0 days 03:04:39.695852000,9678
1,109,200,19.763011932373047,2.5362093448638916,22.29922103881836,0.26019287109375,0 days 03:05:02.459355000,9678
2,109,300,16.175739288330078,1.9706097841262817,18.14634895324707,0.32349294424057007,0 days 03:05:24.982647000,9678
3,109,400,13.56076431274414,1.4937255382537842,15.054490089416504,0.29926401376724243,0 days 03:05:47.727178000,9678
0,110,100,10.378804206848145,2.7070882320404053,13.085892677307129,0.30637267231941223,0 days 03:06:11.874673000,9678
1,110,200,10.553305625915527,1.6986849308013916,12.25199031829834,0.9342910051345825,0 days 03:06:34.822856000,9678
2,110,300,14.252781867980957,2.7301571369171143,16.982938766479492,0.3292958736419678,0 days 03:06:57.522893000,9678
3,110,400,16.433937072753906,1.949729084968567,18.3836669921875,0.49560779333114624,0 days 03:07:20.298658000,9678
0,111,100,13.392210006713867,3.0697274208068848,16.461936950683594,0.18227718770503998,0 days 03:07:44.647479000,9678
1,111,200,11.394158363342285,1.4570828676223755,12.851241111755371,0.8437144160270691,0 days 03:08:07.502742000,9678
2,111,300,13.392967224121094,2.085629940032959,15.478597640991211,0.32381460070610046,0 days 03:08:30.694213000,9678
3,111,400,17.325420379638672,2.0327579975128174,19.358179092407227,0.48691704869270325,0 days 03:08:53.370618000,9678
0,112,100,13.9219970703125,1.5707035064697266,15.492700576782227,0.4590224623680115,0 days 03:09:17.020305000,9678
1,112,200,13.069416999816895,1.8225699663162231,14.891986846923828,0.42683327198028564,0 days 03:09:39.581505000,9678
2,112,300,10.406426429748535,2.331223249435425,12.737649917602539,0.3629564940929413,0 days 03:10:02.444224000,9678
3,112,400,15.240984916687012,2.182265520095825,17.423250198364258,0.2513822913169861,0 days 03:10:25.062348000,9678
0,113,100,9.332212448120117,1.278333067893982,10.61054515838623,0.4500890076160431,0 days 03:10:48.765481000,9678
1,113,200,14.169793128967285,2.5151264667510986,16.684919357299805,0.7596279382705688,0 days 03:11:11.647381000,9678
2,113,300,12.70307731628418,1.4047921895980835,14.107869148254395,0.45160973072052,0 days 03:11:34.593186000,9678
3,113,400,12.903862953186035,3.032745122909546,15.93660831451416,0.4106808006763458,0 days 03:11:57.381712000,9678
0,114,100,10.891949653625488,1.9186373949050903,12.810586929321289,0.2329152673482895,0 days 03:12:21.411057000,9678
1,114,200,18.487627029418945,1.0565050840377808,19.544132232666016,0.34786003828048706,0 days 03:12:44.456642000,9678
2,114,300,12.943148612976074,2.1083319187164307,15.051480293273926,0.3305439352989197,0 days 03:13:07.399019000,9678
3,114,400,13.318501472473145,2.5814969539642334,15.899998664855957,0.7201288938522339,0 days 03:13:30.069154000,9678
0,115,100,12.194007873535156,1.746675968170166,13.940683364868164,0.40734612941741943,0 days 03:13:54.182702000,9678
1,115,200,11.079662322998047,3.058201789855957,14.137864112854004,0.5148158073425293,0 days 03:14:17.208200000,9678
2,115,300,15.53449821472168,1.194176197052002,16.728673934936523,0.49814373254776,0 days 03:14:39.983643000,9678
3,115,400,14.181618690490723,2.01999831199646,16.201616287231445,0.6652479767799377,0 days 03:15:02.620901000,9678
0,116,100,15.7046480178833,1.794723629951477,17.499372482299805,0.6020052433013916,0 days 03:15:26.691978000,9678
1,116,200,22.5694637298584,2.03946852684021,24.608932495117188,0.3799804747104645,0 days 03:15:49.283294000,9678
2,116,300,11.505556106567383,1.7478224039077759,13.253378868103027,0.24832428991794586,0 days 03:16:11.863571000,9678
3,116,400,13.624964714050293,2.057042121887207,15.6820068359375,0.21511892974376678,0 days 03:16:34.354535000,9678
0,117,100,11.875247955322266,2.2654433250427246,14.140691757202148,0.4361971914768219,0 days 03:16:57.874232000,9678
1,117,200,10.702560424804688,1.2350436449050903,11.937603950500488,0.6931165456771851,0 days 03:17:20.629789000,9678
2,117,300,12.755791664123535,3.203744649887085,15.9595365524292,0.36522001028060913,0 days 03:17:43.294059000,9678
3,117,400,12.974754333496094,1.8043569326400757,14.7791109085083,0.3897900879383087,0 days 03:18:05.701083000,9678
0,118,100,14.57707691192627,3.4587998390197754,18.035877227783203,0.21400241553783417,0 days 03:18:29.620091000,9678
1,118,200,14.352333068847656,1.9876856803894043,16.34001922607422,0.24834802746772766,0 days 03:18:51.837010000,9678
2,118,300,12.894969940185547,1.6318202018737793,14.526790618896484,0.3095065951347351,0 days 03:19:14.283753000,9678
3,118,400,14.52601146697998,1.9741430282592773,16.500154495239258,1.0513802766799927,0 days 03:19:36.887638000,9678
0,119,100,11.05320930480957,1.6063048839569092,12.659514427185059,0.3247442841529846,0 days 03:20:00.735938000,9678
1,119,200,15.402482032775879,2.5692100524902344,17.971691131591797,0.31435853242874146,0 days 03:20:23.352078000,9678
2,119,300,11.671709060668945,1.8749343156814575,13.546643257141113,0.5371382832527161,0 days 03:20:45.981026000,9678
3,119,400,19.26907730102539,1.6337721347808838,20.902849197387695,0.4068117141723633,0 days 03:21:08.126933000,9678
0,120,100,14.369964599609375,1.0538554191589355,15.423820495605469,0.6703742146492004,0 days 03:21:31.878194000,9678
1,120,200,13.394729614257812,2.4863061904907227,15.881035804748535,0.1781003773212433,0 days 03:21:54.566532000,9678
2,120,300,15.689749717712402,1.9618568420410156,17.651607513427734,0.27431583404541016,0 days 03:22:17.000134000,9678
3,120,400,14.437211990356445,2.278374671936035,16.715587615966797,0.5764349102973938,0 days 03:22:39.874878000,9678
0,121,100,16.285919189453125,2.211890935897827,18.49781036376953,0.6576381921768188,0 days 03:23:03.958738000,9678
1,121,200,11.369346618652344,1.140093445777893,12.509440422058105,0.7613663077354431,0 days 03:23:26.650298000,9678
2,121,300,14.940719604492188,1.4974526166915894,16.43817138671875,0.40071165561676025,0 days 03:23:49.060054000,9678
3,121,400,10.402298927307129,2.5272717475891113,12.929571151733398,0.2635754942893982,0 days 03:24:11.632048000,9678
0,122,100,14.249716758728027,1.7138166427612305,15.963533401489258,0.5548089146614075,0 days 03:24:35.407566000,9678
1,122,200,14.643162727355957,2.471616268157959,17.114778518676758,0.6216583251953125,0 days 03:24:57.355998000,9678
2,122,300,12.274703025817871,1.998737096786499,14.27344036102295,0.2681892216205597,0 days 03:25:20.203409000,9678
3,122,400,13.247754096984863,2.5410029888153076,15.78875732421875,0.4614199995994568,0 days 03:25:43.028782000,9678
0,123,100,14.62067985534668,2.297067642211914,16.917747497558594,0.2047845870256424,0 days 03:26:07.014765000,9678
1,123,200,13.490716934204102,1.4018474817276,14.89256477355957,0.29857301712036133,0 days 03:26:29.739231000,9678
2,123,300,16.23297691345215,2.0845019817352295,18.31747817993164,0.23616719245910645,0 days 03:26:52.389873000,9678
3,123,400,18.22574234008789,2.696669101715088,20.92241096496582,0.2834520637989044,0 days 03:27:15.294506000,9678
0,124,100,13.688789367675781,1.8604817390441895,15.549270629882812,0.3687189221382141,0 days 03:27:39.225921000,9678
1,124,200,10.916199684143066,1.0966684818267822,12.01286792755127,0.7366569638252258,0 days 03:28:02.064084000,9678
2,124,300,11.698731422424316,2.213487386703491,13.912219047546387,0.28225064277648926,0 days 03:28:24.914598000,9678
3,124,400,17.095256805419922,3.1490721702575684,20.24432945251465,0.47999632358551025,0 days 03:28:47.802126000,9678
0,125,100,8.383316040039062,2.323718547821045,10.707035064697266,0.5736246109008789,0 days 03:29:11.626739000,9678
1,125,200,13.05722427368164,1.1345962285995483,14.19182014465332,0.3763713836669922,0 days 03:29:35.325404000,9678
2,125,300,17.26492691040039,3.3226029872894287,20.5875301361084,0.27237001061439514,0 days 03:29:59.243679000,9678
3,125,400,8.56269359588623,2.0002329349517822,10.562926292419434,0.4494085907936096,0 days 03:30:23.164311000,9678
0,126,100,13.398247718811035,2.5619163513183594,15.960164070129395,0.1657131165266037,0 days 03:30:47.904933000,9678
1,126,200,12.872679710388184,1.7502458095550537,14.622925758361816,0.62969970703125,0 days 03:31:10.696944000,9678
2,126,300,13.0580472946167,2.51254940032959,15.570596694946289,0.20563188195228577,0 days 03:31:33.568953000,9678
3,126,400,13.254886627197266,2.000030994415283,15.25491714477539,0.49242550134658813,0 days 03:31:56.070656000,9678
0,127,100,13.923914909362793,2.219966173171997,16.14388084411621,0.4588155448436737,0 days 03:32:20.009854000,9678
1,127,200,12.185480117797852,1.5770782232284546,13.762557983398438,0.35186854004859924,0 days 03:32:42.861933000,9678
2,127,300,19.816606521606445,1.5012986660003662,21.31790542602539,0.2592729330062866,0 days 03:33:07.310113000,9678
3,127,400,11.841056823730469,1.9584293365478516,13.79948616027832,0.5811316967010498,0 days 03:33:30.641430000,9678
